כלל,משרד,שנה,קוד תקנה,שם התקנה,מקורי,מעודכן,ביצוע,ראיה,מקור
ביצוע גבוה מהתקציב המעודכן,transport,2025,0040500143,מבחני נהיגה מעשיים,8616000,30695000,124230733,"בוצעו 124,230,733 ש""ח מול תקציב מעודכן של 30,695,000 ש""ח — פער של 93,535,733 ש""ח",https://next.obudget.org/i/budget/0040500143/2025
ביצוע גבוה מהתקציב המעודכן,transport,2023,0040500143,מבחני נהיגה מעשיים,8712000,12701000,90456958,"בוצעו 90,456,958 ש""ח מול תקציב מעודכן של 12,701,000 ש""ח — פער של 77,755,958 ש""ח",https://next.obudget.org/i/budget/0040500143/2023
ביצוע גבוה מהתקציב המעודכן,transport,2024,0040500143,מבחני נהיגה מעשיים,8712000,14288000,88665267,"בוצעו 88,665,267 ש""ח מול תקציב מעודכן של 14,288,000 ש""ח — פער של 74,377,267 ש""ח",https://next.obudget.org/i/budget/0040500143/2024
ביצוע גבוה מהתקציב המעודכן,transport,2025,0040520101,שיא כח אדם,36039000,32638000,49775921,"בוצעו 49,775,921 ש""ח מול תקציב מעודכן של 32,638,000 ש""ח — פער של 17,137,921 ש""ח",https://next.obudget.org/i/budget/0040520101/2025
ביצוע גבוה מהתקציב המעודכן,transport,2024,0040520101,שיא כח אדם,31290000,31653000,48689180,"בוצעו 48,689,180 ש""ח מול תקציב מעודכן של 31,653,000 ש""ח — פער של 17,036,180 ש""ח",https://next.obudget.org/i/budget/0040520101/2024
ביצוע גבוה מהתקציב המעודכן,transport,2023,0040520101,שיא כח אדם,31262000,31262000,45886059,"בוצעו 45,886,059 ש""ח מול תקציב מעודכן של 31,262,000 ש""ח — פער של 14,624,059 ש""ח",https://next.obudget.org/i/budget/0040520101/2023
ביצוע גבוה מהתקציב המעודכן,transport,2025,0040510112,תקורות למשרד התחבורה,0,23108000,44074238,"בוצעו 44,074,238 ש""ח מול תקציב מעודכן של 23,108,000 ש""ח — פער של 20,966,238 ש""ח",https://next.obudget.org/i/budget/0040510112/2025
ביצוע גבוה מהתקציב המעודכן,transport,2023,0040510112,תקורות למשרד התחבורה,0,27205000,35382961,"בוצעו 35,382,961 ש""ח מול תקציב מעודכן של 27,205,000 ש""ח — פער של 8,177,961 ש""ח",https://next.obudget.org/i/budget/0040510112/2023
ביצוע גבוה מהתקציב המעודכן,transport,2024,0040510112,תקורות למשרד התחבורה,0,22611000,34082592,"בוצעו 34,082,592 ש""ח מול תקציב מעודכן של 22,611,000 ש""ח — פער של 11,471,592 ש""ח",https://next.obudget.org/i/budget/0040510112/2024
ביצוע גבוה מהתקציב המעודכן,transport,2025,0040500150,פיתוח משרד התחבורה,16062000,25617000,32644546,"בוצעו 32,644,546 ש""ח מול תקציב מעודכן של 25,617,000 ש""ח — פער של 7,027,546 ש""ח",https://next.obudget.org/i/budget/0040500150/2025
ביצוע גבוה מהתקציב המעודכן,education,2023,0020620102,גננות עובדות מדינה,2069832000,2072314000,4704604000,"בוצעו 4,704,604,000 ש""ח מול תקציב מעודכן של 2,072,314,000 ש""ח — פער של 2,632,290,000 ש""ח",https://next.obudget.org/i/budget/0020620102/2023
ביצוע גבוה מהתקציב המעודכן,education,2024,0020620102,גננות עובדות מדינה,2108325000,2108325000,4487955333,"בוצעו 4,487,955,333 ש""ח מול תקציב מעודכן של 2,108,325,000 ש""ח — פער של 2,379,630,333 ש""ח",https://next.obudget.org/i/budget/0020620102/2024
ביצוע גבוה מהתקציב המעודכן,education,2025,0020620102,גננות עובדות מדינה,2208074000,1897074000,4262964000,"בוצעו 4,262,964,000 ש""ח מול תקציב מעודכן של 1,897,074,000 ש""ח — פער של 2,365,890,000 ש""ח",https://next.obudget.org/i/budget/0020620102/2025
ביצוע ללא תקציב מעודכן,education,2024,0020630104,שעות תקן בחטיבה עליונה - איחוד משכורת,0,0,720000000,"בוצעו 720,000,000 ש""ח מתקנה שתקציבה המעודכן אפס",https://next.obudget.org/i/budget/0020630104/2024
ביצוע ללא תקציב מעודכן,education,2025,0020630104,שעות תקן בחטיבה עליונה - איחוד משכורת,0,0,712318448,"בוצעו 712,318,448 ש""ח מתקנה שתקציבה המעודכן אפס",https://next.obudget.org/i/budget/0020630104/2025
ביצוע ללא תקציב מעודכן,education,2023,0020630104,שעות תקן בחטיבה עליונה - איחוד משכורת,0,0,662775000,"בוצעו 662,775,000 ש""ח מתקנה שתקציבה המעודכן אפס",https://next.obudget.org/i/budget/0020630104/2023
קפיצה חדה בין שנים,education,2026,0020650118,מענקים תוספתיים לפיתוח ושיפוצים במערכת החינוך,310180000,310180000,,"מ-4,914,000 ש""ח ב-2025 ל-310,180,000 ש""ח ב-2026",https://next.obudget.org/i/budget/0020650118/2026
ביצוע גבוה מהתקציב המעודכן,education,2025,0020630308,פעולות מיוחדות במעיין החינוך התורני,5921000,38233000,173948973,"בוצעו 173,948,973 ש""ח מול תקציב מעודכן של 38,233,000 ש""ח — פער של 135,715,973 ש""ח",https://next.obudget.org/i/budget/0020630308/2025
ביצוע גבוה מהתקציב המעודכן,education,2025,0020630209,פעולות מיוחדות בחינוך העצמאי,4462000,41749000,168138352,"בוצעו 168,138,352 ש""ח מול תקציב מעודכן של 41,749,000 ש""ח — פער של 126,389,352 ש""ח",https://next.obudget.org/i/budget/0020630209/2025
ביצוע ללא תקציב מעודכן,education,2024,0020630308,פעולות מיוחדות במעיין החינוך התורני,66934000,0,145829174,"בוצעו 145,829,174 ש""ח מתקנה שתקציבה המעודכן אפס",https://next.obudget.org/i/budget/0020630308/2024
ביצוע ללא תקציב מעודכן,education,2024,0020630209,פעולות מיוחדות בחינוך העצמאי,58872000,0,124506706,"בוצעו 124,506,706 ש""ח מתקנה שתקציבה המעודכן אפס",https://next.obudget.org/i/budget/0020630209/2024
קפיצה חדה בין שנים,education,2026,0020600121,קידום פרויקטים במערכת החינוך,101272000,101272000,,"מ-200,000 ש""ח ב-2025 ל-101,272,000 ש""ח ב-2026",https://next.obudget.org/i/budget/0020600121/2026
קפיצה חדה בין שנים,education,2026,0020600144,דמי שימוש בדיור ממשלתי,86503000,86503000,,"מ-3,523,000 ש""ח ב-2025 ל-86,503,000 ש""ח ב-2026",https://next.obudget.org/i/budget/0020600144/2026
ביצוע גבוה מהתקציב המעודכן,education,2025,0020630312,שכר לימוד במוסדות על יסודי במעיין החינוך התורני,9641000,24322000,44321999,"בוצעו 44,321,999 ש""ח מול תקציב מעודכן של 24,322,000 ש""ח — פער של 19,999,999 ש""ח",https://next.obudget.org/i/budget/0020630312/2025
קפיצה חדה בין שנים,education,2026,0020600125,פעולות ופרוייקטים לקידום מערכת החינוך,43844000,43844000,,"מ-1,100,000 ש""ח ב-2025 ל-43,844,000 ש""ח ב-2026",https://next.obudget.org/i/budget/0020600125/2026
קפיצה חדה בין שנים,education,2026,0020660153,סל תלמיד עולה,43035000,43035000,,"מ-1,602,000 ש""ח ב-2025 ל-43,035,000 ש""ח ב-2026",https://next.obudget.org/i/budget/0020660153/2026
ביצוע גבוה מהתקציב המעודכן,education,2025,0020660128,הוצאות פנימיה וכפר,10321000,16033000,39832388,"בוצעו 39,832,388 ש""ח מול תקציב מעודכן של 16,033,000 ש""ח — פער של 23,799,388 ש""ח",https://next.obudget.org/i/budget/0020660128/2025
ביצוע ללא תקציב מעודכן,education,2024,0020660126,הוצאות בתי ספר ממשלתיים,12057000,0,38311355,"בוצעו 38,311,355 ש""ח מתקנה שתקציבה המעודכן אפס",https://next.obudget.org/i/budget/0020660126/2024
ביצוע גבוה מהתקציב המעודכן,education,2025,0020660126,הוצאות בתי ספר ממשלתיים,11218000,10256000,29918967,"בוצעו 29,918,967 ש""ח מול תקציב מעודכן של 10,256,000 ש""ח — פער של 19,662,967 ש""ח",https://next.obudget.org/i/budget/0020660126/2025
קפיצה חדה בין שנים,education,2025,0020660117,דמי שימוש בדיור ממשלתי,29108000,22533000,21377737,"מ-1,513,000 ש""ח ב-2024 ל-22,533,000 ש""ח ב-2025",https://next.obudget.org/i/budget/0020660117/2025
ביצוע גבוה מהתקציב המעודכן,education,2024,0020600156,הקצבות לחינוך ותרבות לפי החלטת הועדה הציבורית לעניני עזבונות,0,835000,13981551,"בוצעו 13,981,551 ש""ח מול תקציב מעודכן של 835,000 ש""ח — פער של 13,146,551 ש""ח",https://next.obudget.org/i/budget/0020600156/2024
ביצוע גבוה מהתקציב המעודכן,education,2025,0020660130,אחזקת המשק החקלאי,175000,3095000,9763508,"בוצעו 9,763,508 ש""ח מול תקציב מעודכן של 3,095,000 ש""ח — פער של 6,668,508 ש""ח",https://next.obudget.org/i/budget/0020660130/2025
ביצוע ללא תקציב מעודכן,education,2023,0020600156,הקצבות לחינוך ותרבות לפי החלטת הועדה הציבורית לעניני עזבונות,0,0,8834196,"בוצעו 8,834,196 ש""ח מתקנה שתקציבה המעודכן אפס",https://next.obudget.org/i/budget/0020600156/2023
ביצוע גבוה מהתקציב המעודכן,education,2025,0020600156,הקצבות לחינוך ותרבות לפי החלטת הועדה הציבורית לעניני עזבונות,0,304000,7571885,"בוצעו 7,571,885 ש""ח מול תקציב מעודכן של 304,000 ש""ח — פער של 7,267,885 ש""ח",https://next.obudget.org/i/budget/0020600156/2025
ביצוע ללא תקציב מעודכן,education,2023,0020660158,הון חוזר במשק החקלאי,0,0,7170000,"בוצעו 7,170,000 ש""ח מתקנה שתקציבה המעודכן אפס",https://next.obudget.org/i/budget/0020660158/2023
ביצוע ללא תקציב מעודכן,education,2025,0020660158,הון חוזר במשק החקלאי,0,0,6315000,"בוצעו 6,315,000 ש""ח מתקנה שתקציבה המעודכן אפס",https://next.obudget.org/i/budget/0020660158/2025
ביצוע ללא תקציב מעודכן,education,2024,0020660158,הון חוזר במשק החקלאי,0,0,6256000,"בוצעו 6,256,000 ש""ח מתקנה שתקציבה המעודכן אפס",https://next.obudget.org/i/budget/0020660158/2024
תקציב שלא בוצע כלל,education,2025,0020630301,ייעודה לשכר במעין החינוך התורני,20666000,25667000,0,"תקציב מעודכן של 25,667,000 ש""ח — וביצוע אפס",https://next.obudget.org/i/budget/0020630301/2025
תקציב שלא בוצע כלל,education,2024,0020660174,שיפוץ מוסדות בחינוך ההתיישבותי,0,59404000,0,"תקציב מעודכן של 59,404,000 ש""ח — וביצוע אפס",https://next.obudget.org/i/budget/0020660174/2024
ביצוע ללא תקציב מעודכן,health,2025,0024200381,הקצאת מחלות קשות לפי סעיף 19 לחוק ביטוח בריאות ממלכתי,0,0,3312005598,"בוצעו 3,312,005,598 ש""ח מתקנה שתקציבה המעודכן אפס",https://next.obudget.org/i/budget/0024200381/2025
ביצוע ללא תקציב מעודכן,health,2024,0024200381,הקצאת מחלות קשות לפי סעיף 19 לחוק ביטוח בריאות ממלכתי,0,0,3222222546,"בוצעו 3,222,222,546 ש""ח מתקנה שתקציבה המעודכן אפס",https://next.obudget.org/i/budget/0024200381/2024
ביצוע גבוה מהתקציב המעודכן,health,2025,0024071033,רכש שירותי אשפוז סיעודי,1935120000,2220020000,3028060166,"בוצעו 3,028,060,166 ש""ח מול תקציב מעודכן של 2,220,020,000 ש""ח — פער של 808,040,166 ש""ח",https://next.obudget.org/i/budget/0024071033/2025
ביצוע ללא תקציב מעודכן,health,2023,0024200381,הקצאת מחלות קשות לפי סעיף 19 לחוק ביטוח בריאות ממלכתי,0,0,2980413816,"בוצעו 2,980,413,816 ש""ח מתקנה שתקציבה המעודכן אפס",https://next.obudget.org/i/budget/0024200381/2023
ביצוע גבוה מהתקציב המעודכן,health,2024,0024071033,רכש שירותי אשפוז סיעודי,1822120000,1884645000,2673288561,"בוצעו 2,673,288,561 ש""ח מול תקציב מעודכן של 1,884,645,000 ש""ח — פער של 788,643,561 ש""ח",https://next.obudget.org/i/budget/0024071033/2024
ביצוע גבוה מהתקציב המעודכן,health,2023,0024071033,רכש שירותי אשפוז סיעודי,1769120000,1783899000,2476784416,"בוצעו 2,476,784,416 ש""ח מול תקציב מעודכן של 1,783,899,000 ש""ח — פער של 692,885,416 ש""ח",https://next.obudget.org/i/budget/0024071033/2023
ביצוע ללא תקציב מעודכן,health,2023,0024200317,תמיכה בקופות חולים בגין הסכמי ייצוב,0,0,1362100000,"בוצעו 1,362,100,000 ש""ח מתקנה שתקציבה המעודכן אפס",https://next.obudget.org/i/budget/0024200317/2023
ביצוע גבוה מהתקציב המעודכן,health,2023,0024200320,מבחני תמיכה בקופות חולים,370700000,415700000,556298027,"בוצעו 556,298,027 ש""ח מול תקציב מעודכן של 415,700,000 ש""ח — פער של 140,598,027 ש""ח",https://next.obudget.org/i/budget/0024200320/2023
ביצוע גבוה מהתקציב המעודכן,health,2025,0024070105,מימון הכשרות סטאז' לרופאים,55385000,133668000,172775235,"בוצעו 172,775,235 ש""ח מול תקציב מעודכן של 133,668,000 ש""ח — פער של 39,107,235 ש""ח",https://next.obudget.org/i/budget/0024070105/2025
ביצוע גבוה מהתקציב המעודכן,health,2025,0024020583,קורונה - רכש חיסונים,0,119476000,150754472,"בוצעו 150,754,472 ש""ח מול תקציב מעודכן של 119,476,000 ש""ח — פער של 31,278,472 ש""ח",https://next.obudget.org/i/budget/0024020583/2025
ביצוע גבוה מהתקציב המעודכן,health,2025,0024020538,מטה ומחשוב בתי חולים ממשלתיים,36008000,58861000,138408858,"בוצעו 138,408,858 ש""ח מול תקציב מעודכן של 58,861,000 ש""ח — פער של 79,547,858 ש""ח",https://next.obudget.org/i/budget/0024020538/2025
ביצוע גבוה מהתקציב המעודכן,health,2024,0024020538,מטה ומחשוב בתי חולים ממשלתיים,37633000,73122000,130822064,"בוצעו 130,822,064 ש""ח מול תקציב מעודכן של 73,122,000 ש""ח — פער של 57,700,064 ש""ח",https://next.obudget.org/i/budget/0024020538/2024
ביצוע גבוה מהתקציב המעודכן,health,2023,0024020538,מטה ומחשוב בתי חולים ממשלתיים,29333000,88324000,126297764,"בוצעו 126,297,764 ש""ח מול תקציב מעודכן של 88,324,000 ש""ח — פער של 37,973,764 ש""ח",https://next.obudget.org/i/budget/0024020538/2023
קפיצה חדה בין שנים,health,2026,0024070115,חודשי עבודה - מילוי מקום אחיות,111290000,111290000,,"מ-12,191,000 ש""ח ב-2025 ל-111,290,000 ש""ח ב-2026",https://next.obudget.org/i/budget/0024070115/2026
קפיצה חדה בין שנים,health,2026,0024020566,רשלנות רפואית,93615000,93615000,,"מ-20,000 ש""ח ב-2025 ל-93,615,000 ש""ח ב-2026",https://next.obudget.org/i/budget/0024020566/2026
ביצוע ללא תקציב מעודכן,health,2023,0024020594,מימון פעילויות כללי,0,0,91136000,"בוצעו 91,136,000 ש""ח מתקנה שתקציבה המעודכן אפס",https://next.obudget.org/i/budget/0024020594/2023
ביצוע ללא תקציב מעודכן,health,2024,0024020594,מימון פעילויות כללי,0,0,91136000,"בוצעו 91,136,000 ש""ח מתקנה שתקציבה המעודכן אפס",https://next.obudget.org/i/budget/0024020594/2024
ביצוע ללא תקציב מעודכן,health,2025,0024020594,מימון פעילויות כללי,0,0,91136000,"בוצעו 91,136,000 ש""ח מתקנה שתקציבה המעודכן אפס",https://next.obudget.org/i/budget/0024020594/2025
קפיצה חדה בין שנים,health,2025,0024070117,תפעול - אחיות,31951000,70852000,86540399,"מ-10,040,000 ש""ח ב-2024 ל-70,852,000 ש""ח ב-2025",https://next.obudget.org/i/budget/0024070117/2025
ביצוע גבוה מהתקציב המעודכן,health,2024,0024169090,קניות לשכות,52544000,55700000,86373181,"בוצעו 86,373,181 ש""ח מול תקציב מעודכן של 55,700,000 ש""ח — פער של 30,673,181 ש""ח",https://next.obudget.org/i/budget/0024169090/2024
ביצוע גבוה מהתקציב המעודכן,health,2024,0024070114,תפעול וקורסי הכשרה - אחיות,23150000,31384000,68736795,"בוצעו 68,736,795 ש""ח מול תקציב מעודכן של 31,384,000 ש""ח — פער של 37,352,795 ש""ח",https://next.obudget.org/i/budget/0024070114/2024
קפיצה חדה בין שנים,health,2025,0024200374,חרבות ברזל - תמיכות בבתי חולים ציבוריים,0,57806000,57805695,"מ-8,714,000 ש""ח ב-2024 ל-57,806,000 ש""ח ב-2025",https://next.obudget.org/i/budget/0024200374/2025
ביצוע גבוה מהתקציב המעודכן,health,2024,0024070110,"שיא כ""א - אחיות",47557000,40030000,52836550,"בוצעו 52,836,550 ש""ח מול תקציב מעודכן של 40,030,000 ש""ח — פער של 12,806,550 ש""ח",https://next.obudget.org/i/budget/0024070110/2024
ביצוע גבוה מהתקציב המעודכן,health,2023,0024070114,תפעול וקורסי הכשרה - אחיות,23800000,24889000,50245793,"בוצעו 50,245,793 ש""ח מול תקציב מעודכן של 24,889,000 ש""ח — פער של 25,356,793 ש""ח",https://next.obudget.org/i/budget/0024070114/2023
ביצוע גבוה מהתקציב המעודכן,health,2023,0024070117,תפעול - אחיות,11209000,14502000,30481637,"בוצעו 30,481,637 ש""ח מול תקציב מעודכן של 14,502,000 ש""ח — פער של 15,979,637 ש""ח",https://next.obudget.org/i/budget/0024070117/2023
ביצוע גבוה מהתקציב המעודכן,health,2024,0024070915,מרכז ארצי להשתלות,0,2281000,27070017,"בוצעו 27,070,017 ש""ח מול תקציב מעודכן של 2,281,000 ש""ח — פער של 24,789,017 ש""ח",https://next.obudget.org/i/budget/0024070915/2024
ביצוע גבוה מהתקציב המעודכן,health,2025,0024070915,מרכז ארצי להשתלות,0,14239000,26665603,"בוצעו 26,665,603 ש""ח מול תקציב מעודכן של 14,239,000 ש""ח — פער של 12,426,603 ש""ח",https://next.obudget.org/i/budget/0024070915/2025
ביצוע גבוה מהתקציב המעודכן,health,2024,0024168990,קניות מעבדות,4976000,10096000,24397971,"בוצעו 24,397,971 ש""ח מול תקציב מעודכן של 10,096,000 ש""ח — פער של 14,301,971 ש""ח",https://next.obudget.org/i/budget/0024168990/2024
ביצוע גבוה מהתקציב המעודכן,health,2024,0024070117,תפעול - אחיות,11209000,10040000,22431117,"בוצעו 22,431,117 ש""ח מול תקציב מעודכן של 10,040,000 ש""ח — פער של 12,391,117 ש""ח",https://next.obudget.org/i/budget/0024070117/2024
ביצוע גבוה מהתקציב המעודכן,health,2023,0024070915,מרכז ארצי להשתלות,0,5219000,21685938,"בוצעו 21,685,938 ש""ח מול תקציב מעודכן של 5,219,000 ש""ח — פער של 16,466,938 ש""ח",https://next.obudget.org/i/budget/0024070915/2023
ביצוע גבוה מהתקציב המעודכן,health,2024,0024070115,חודשי עבודה - מילוי מקום אחיות,15662000,11697000,21615968,"בוצעו 21,615,968 ש""ח מול תקציב מעודכן של 11,697,000 ש""ח — פער של 9,918,968 ש""ח",https://next.obudget.org/i/budget/0024070115/2024
ביצוע גבוה מהתקציב המעודכן,health,2025,0024168911,"שכ""א - מעבדות",12066000,10990000,19642409,"בוצעו 19,642,409 ש""ח מול תקציב מעודכן של 10,990,000 ש""ח — פער של 8,652,409 ש""ח",https://next.obudget.org/i/budget/0024168911/2025
ביצוע גבוה מהתקציב המעודכן,health,2023,0024168911,"שכ""א - מעבדות",19362000,11169000,19568109,"בוצעו 19,568,109 ש""ח מול תקציב מעודכן של 11,169,000 ש""ח — פער של 8,399,109 ש""ח",https://next.obudget.org/i/budget/0024168911/2023
ביצוע גבוה מהתקציב המעודכן,health,2023,0024200364,תמיכה בבתי חולים בגין נגיף הקורונה,0,499000,12587175,"בוצעו 12,587,175 ש""ח מול תקציב מעודכן של 499,000 ש""ח — פער של 12,088,175 ש""ח",https://next.obudget.org/i/budget/0024200364/2023
ביצוע ללא תקציב מעודכן,health,2025,0024020576,השתתפות במשרד הביטחון שוטף,0,0,12252385,"בוצעו 12,252,385 ש""ח מתקנה שתקציבה המעודכן אפס",https://next.obudget.org/i/budget/0024020576/2025
ביצוע גבוה מהתקציב המעודכן,health,2023,0024160305,ועדות בטלא,0,3246000,9322822,"בוצעו 9,322,822 ש""ח מול תקציב מעודכן של 3,246,000 ש""ח — פער של 6,076,822 ש""ח",https://next.obudget.org/i/budget/0024160305/2023
ביצוע ללא תקציב מעודכן,health,2024,0024160305,ועדות בטלא,0,0,5806518,"בוצעו 5,806,518 ש""ח מתקנה שתקציבה המעודכן אפס",https://next.obudget.org/i/budget/0024160305/2024
ביצוע ללא תקציב מעודכן,health,2025,0024160305,ועדות בטלא,0,0,5376844,"בוצעו 5,376,844 ש""ח מתקנה שתקציבה המעודכן אפס",https://next.obudget.org/i/budget/0024160305/2025
תקציב שלא בוצע כלל,health,2023,0024020579,קורונה - מימון צרכי בריאות,0,389443000,0,"תקציב מעודכן של 389,443,000 ש""ח — וביצוע אפס",https://next.obudget.org/i/budget/0024020579/2023
תקציב שלא בוצע כלל,health,2024,0024020579,קורונה - מימון צרכי בריאות,0,407869000,0,"תקציב מעודכן של 407,869,000 ש""ח — וביצוע אפס",https://next.obudget.org/i/budget/0024020579/2024
תקציב שלא בוצע כלל,health,2024,0024071471,חרבות ברזל – מימון תכנית בריאות הנפש,154500000,154500000,0,"תקציב מעודכן של 154,500,000 ש""ח — וביצוע אפס",https://next.obudget.org/i/budget/0024071471/2024
תקציב שלא בוצע כלל,health,2023,0024200365,תמיכה בקופות החולים בגין משבר הקורונה,0,1718296000,0,"תקציב מעודכן של 1,718,296,000 ש""ח — וביצוע אפס",https://next.obudget.org/i/budget/0024200365/2023
תקציב שלא בוצע כלל,health,2023,0024200368,קורונה - מוסר תשלומים,0,500000000,0,"תקציב מעודכן של 500,000,000 ש""ח — וביצוע אפס",https://next.obudget.org/i/budget/0024200368/2023
תקציב שלא בוצע כלל,health,2024,0024200369,קורונה - מימון צרכי בריאות קופות חולים,0,208328000,0,"תקציב מעודכן של 208,328,000 ש""ח — וביצוע אפס",https://next.obudget.org/i/budget/0024200369/2024
תקציב שלא בוצע כלל,health,2024,0024200373,חרבות ברזל - תמיכות בקופות החולים,320000000,301500000,0,"תקציב מעודכן של 301,500,000 ש""ח — וביצוע אפס",https://next.obudget.org/i/budget/0024200373/2024
קפיצה חדה בין שנים,health,2024,0024200373,חרבות ברזל - תמיכות בקופות החולים,320000000,301500000,0,"מ-30,414,000 ש""ח ב-2023 ל-301,500,000 ש""ח ב-2024",https://next.obudget.org/i/budget/0024200373/2024
ביצוע גבוה מהתקציב המעודכן,environment,2025,0026130107,תמיכות,0,214453000,591539983,"בוצעו 591,539,983 ש""ח מול תקציב מעודכן של 214,453,000 ש""ח — פער של 377,086,983 ש""ח",https://next.obudget.org/i/budget/0026130107/2025
קפיצה חדה בין שנים,environment,2025,0026130107,תמיכות,0,214453000,591539983,"מ-22,464,000 ש""ח ב-2024 ל-214,453,000 ש""ח ב-2025",https://next.obudget.org/i/budget/0026130107/2025
ביצוע גבוה מהתקציב המעודכן,environment,2024,0026130107,תמיכות,0,22464000,399048813,"בוצעו 399,048,813 ש""ח מול תקציב מעודכן של 22,464,000 ש""ח — פער של 376,584,813 ש""ח",https://next.obudget.org/i/budget/0026130107/2024
ביצוע גבוה מהתקציב המעודכן,environment,2024,0026130106,פעולות מקצועיות,0,25513000,109977022,"בוצעו 109,977,022 ש""ח מול תקציב מעודכן של 25,513,000 ש""ח — פער של 84,464,022 ש""ח",https://next.obudget.org/i/budget/0026130106/2024
ביצוע גבוה מהתקציב המעודכן,environment,2025,0026130106,פעולות מקצועיות,0,43843000,99629014,"בוצעו 99,629,014 ש""ח מול תקציב מעודכן של 43,843,000 ש""ח — פער של 55,786,014 ש""ח",https://next.obudget.org/i/budget/0026130106/2025
ביצוע גבוה מהתקציב המעודכן,environment,2025,0026120128,פיתוח המצוק החופי,0,13523000,73323704,"בוצעו 73,323,704 ש""ח מול תקציב מעודכן של 13,523,000 ש""ח — פער של 59,800,704 ש""ח",https://next.obudget.org/i/budget/0026120128/2025
ביצוע גבוה מהתקציב המעודכן,environment,2023,0026120115,פעולות אשכול תעשיות,29000000,13105000,39610686,"בוצעו 39,610,686 ש""ח מול תקציב מעודכן של 13,105,000 ש""ח — פער של 26,505,686 ש""ח",https://next.obudget.org/i/budget/0026120115/2023
ביצוע ללא תקציב מעודכן,environment,2023,0026120128,פיתוח המצוק החופי,0,0,37901955,"בוצעו 37,901,955 ש""ח מתקנה שתקציבה המעודכן אפס",https://next.obudget.org/i/budget/0026120128/2023
קפיצה חדה בין שנים,environment,2026,0026120110,פרוייקטים סביבתיים,34837000,34837000,,"מ-5,236,000 ש""ח ב-2025 ל-34,837,000 ש""ח ב-2026",https://next.obudget.org/i/budget/0026120110/2026
ביצוע גבוה מהתקציב המעודכן,environment,2023,0026120139,תמיכות בתכנית זיהום אוויר,5719000,1395000,16080374,"בוצעו 16,080,374 ש""ח מול תקציב מעודכן של 1,395,000 ש""ח — פער של 14,685,374 ש""ח",https://next.obudget.org/i/budget/0026120139/2023
ביצוע גבוה מהתקציב המעודכן,environment,2023,0026130116,פעולות באזור יהודה ושומרון,0,3825000,14725220,"בוצעו 14,725,220 ש""ח מול תקציב מעודכן של 3,825,000 ש""ח — פער של 10,900,220 ש""ח",https://next.obudget.org/i/budget/0026130116/2023
ביצוע ללא תקציב מעודכן,environment,2025,0026140102,תמיכות,0,0,11694397,"בוצעו 11,694,397 ש""ח מתקנה שתקציבה המעודכן אפס",https://next.obudget.org/i/budget/0026140102/2025
ביצוע גבוה מהתקציב המעודכן,environment,2024,0026120123,יישום החלטת ממשלה 550 - תמיכות,0,492000,7304783,"בוצעו 7,304,783 ש""ח מול תקציב מעודכן של 492,000 ש""ח — פער של 6,812,783 ש""ח",https://next.obudget.org/i/budget/0026120123/2024
ביצוע ללא תקציב מעודכן,environment,2023,0026130401,שיא כח אדם,0,0,5099645,"בוצעו 5,099,645 ש""ח מתקנה שתקציבה המעודכן אפס",https://next.obudget.org/i/budget/0026130401/2023
ביצוע ללא תקציב מעודכן,environment,2023,0026130101,שיא כח אדם,0,0,1152878,"בוצעו 1,152,878 ש""ח מתקנה שתקציבה המעודכן אפס",https://next.obudget.org/i/budget/0026130101/2023
תקציב שלא בוצע כלל,environment,2023,0026120140,מפגעים סביבתיים חרבות ברזל,0,55000000,0,"תקציב מעודכן של 55,000,000 ש""ח — וביצוע אפס",https://next.obudget.org/i/budget/0026120140/2023
תקציב שלא בוצע כלל,environment,2024,0026130303,תמיכות,0,18960000,0,"תקציב מעודכן של 18,960,000 ש""ח — וביצוע אפס",https://next.obudget.org/i/budget/0026130303/2024
תקציב שלא בוצע כלל,environment,2025,0026130303,תמיכות,0,18964000,0,"תקציב מעודכן של 18,964,000 ש""ח — וביצוע אפס",https://next.obudget.org/i/budget/0026130303/2025
תקציב שלא בוצע כלל,environment,2025,0026130411,תמיכות,0,54351000,0,"תקציב מעודכן של 54,351,000 ש""ח — וביצוע אפס",https://next.obudget.org/i/budget/0026130411/2025
קפיצה חדה בין שנים,economy,2026,0038400110,מענק לאינטל,1064000000,1064000000,,"מ-18,865,000 ש""ח ב-2025 ל-1,064,000,000 ש""ח ב-2026",https://next.obudget.org/i/budget/0038400110/2026
ביצוע גבוה מהתקציב המעודכן,economy,2023,0038300224,זירת צמיחה,321880000,358060000,532425260,"בוצעו 532,425,260 ש""ח מול תקציב מעודכן של 358,060,000 ש""ח — פער של 174,365,260 ש""ח",https://next.obudget.org/i/budget/0038300224/2023
ביצוע גבוה מהתקציב המעודכן,economy,2025,0038300224,זירת צמיחה,206119000,280764000,429122490,"בוצעו 429,122,490 ש""ח מול תקציב מעודכן של 280,764,000 ש""ח — פער של 148,358,490 ש""ח",https://next.obudget.org/i/budget/0038300224/2025
ביצוע גבוה מהתקציב המעודכן,economy,2024,0038300224,זירת צמיחה,276119000,318256000,406666956,"בוצעו 406,666,956 ש""ח מול תקציב מעודכן של 318,256,000 ש""ח — פער של 88,410,956 ש""ח",https://next.obudget.org/i/budget/0038300224/2024
ביצוע גבוה מהתקציב המעודכן,economy,2024,0038300202,זירת תשתיות טכנולוגיות,175700000,203602000,400749608,"בוצעו 400,749,608 ש""ח מול תקציב מעודכן של 203,602,000 ש""ח — פער של 197,147,608 ש""ח",https://next.obudget.org/i/budget/0038300202/2024
ביצוע גבוה מהתקציב המעודכן,economy,2025,0038300202,זירת תשתיות טכנולוגיות,272700000,288035000,374446227,"בוצעו 374,446,227 ש""ח מול תקציב מעודכן של 288,035,000 ש""ח — פער של 86,411,227 ש""ח",https://next.obudget.org/i/budget/0038300202/2025
ביצוע גבוה מהתקציב המעודכן,economy,2023,0038300202,זירת תשתיות טכנולוגיות,209416000,220783000,369587166,"בוצעו 369,587,166 ש""ח מול תקציב מעודכן של 220,783,000 ש""ח — פער של 148,804,166 ש""ח",https://next.obudget.org/i/budget/0038300202/2023
ביצוע גבוה מהתקציב המעודכן,economy,2024,0038300201,זירת הזנק,110626000,122953000,230633319,"בוצעו 230,633,319 ש""ח מול תקציב מעודכן של 122,953,000 ש""ח — פער של 107,680,319 ש""ח",https://next.obudget.org/i/budget/0038300201/2024
ביצוע גבוה מהתקציב המעודכן,economy,2023,0038300201,זירת הזנק,131855000,130445000,209654095,"בוצעו 209,654,095 ש""ח מול תקציב מעודכן של 130,445,000 ש""ח — פער של 79,209,095 ש""ח",https://next.obudget.org/i/budget/0038300201/2023
ביצוע גבוה מהתקציב המעודכן,economy,2023,0038300232,זירת ייצור מתקדם,77562000,89014000,136097067,"בוצעו 136,097,067 ש""ח מול תקציב מעודכן של 89,014,000 ש""ח — פער של 47,083,067 ש""ח",https://next.obudget.org/i/budget/0038300232/2023
קפיצה חדה בין שנים,economy,2026,0038300233,"עתודה להתאמת תקציבי מו""פ",109876000,109876000,,"מ-55,000 ש""ח ב-2025 ל-109,876,000 ש""ח ב-2026",https://next.obudget.org/i/budget/0038300233/2026
ביצוע גבוה מהתקציב המעודכן,economy,2024,0038300232,זירת ייצור מתקדם,65831000,72621000,101826211,"בוצעו 101,826,211 ש""ח מול תקציב מעודכן של 72,621,000 ש""ח — פער של 29,205,211 ש""ח",https://next.obudget.org/i/budget/0038300232/2024
ביצוע גבוה מהתקציב המעודכן,economy,2025,0038300232,זירת ייצור מתקדם,63036000,63036000,100257601,"בוצעו 100,257,601 ש""ח מול תקציב מעודכן של 63,036,000 ש""ח — פער של 37,221,601 ש""ח",https://next.obudget.org/i/budget/0038300232/2025
קפיצה חדה בין שנים,economy,2026,0038700218,עתודה לשינוי מבני בתקינה,83500000,83500000,,"מ-124,000 ש""ח ב-2025 ל-83,500,000 ש""ח ב-2026",https://next.obudget.org/i/budget/0038700218/2026
ביצוע גבוה מהתקציב המעודכן,economy,2023,0038300216,זירת חברתי ציבורי,23268000,23981000,37545783,"בוצעו 37,545,783 ש""ח מול תקציב מעודכן של 23,981,000 ש""ח — פער של 13,564,783 ש""ח",https://next.obudget.org/i/budget/0038300216/2023
ביצוע גבוה מהתקציב המעודכן,economy,2023,0038400926,אחזקת מלאי חירום,0,17234000,33487767,"בוצעו 33,487,767 ש""ח מול תקציב מעודכן של 17,234,000 ש""ח — פער של 16,253,767 ש""ח",https://next.obudget.org/i/budget/0038400926/2023
קפיצה חדה בין שנים,economy,2025,0038400923,מינהל התקינה,25579000,52230000,27791004,"מ-7,148,000 ש""ח ב-2024 ל-52,230,000 ש""ח ב-2025",https://next.obudget.org/i/budget/0038400923/2025
ביצוע גבוה מהתקציב המעודכן,economy,2025,0038300216,זירת חברתי ציבורי,16522000,16522000,27602808,"בוצעו 27,602,808 ש""ח מול תקציב מעודכן של 16,522,000 ש""ח — פער של 11,080,808 ש""ח",https://next.obudget.org/i/budget/0038300216/2025
ביצוע גבוה מהתקציב המעודכן,economy,2023,0038300236,זירה בינלאומית,11634000,12219000,23496928,"בוצעו 23,496,928 ש""ח מול תקציב מעודכן של 12,219,000 ש""ח — פער של 11,277,928 ש""ח",https://next.obudget.org/i/budget/0038300236/2023
ביצוע ללא תקציב מעודכן,economy,2025,0038300249,קרן קוריאה ישראל,0,0,14461046,"בוצעו 14,461,046 ש""ח מתקנה שתקציבה המעודכן אפס",https://next.obudget.org/i/budget/0038300249/2025
ביצוע ללא תקציב מעודכן,economy,2023,0038400117,מסלול להגדלת הפיריון בתעשייה,0,0,14353213,"בוצעו 14,353,213 ש""ח מתקנה שתקציבה המעודכן אפס",https://next.obudget.org/i/budget/0038400117/2023
ביצוע ללא תקציב מעודכן,economy,2025,0038300243,קרן הודו ישראל,0,0,11930474,"בוצעו 11,930,474 ש""ח מתקנה שתקציבה המעודכן אפס",https://next.obudget.org/i/budget/0038300243/2025
ביצוע גבוה מהתקציב המעודכן,economy,2023,0038400430,פעולות מכון היהלומים,0,76000,9427224,"בוצעו 9,427,224 ש""ח מול תקציב מעודכן של 76,000 ש""ח — פער של 9,351,224 ש""ח",https://next.obudget.org/i/budget/0038400430/2023
ביצוע ללא תקציב מעודכן,economy,2023,0038300243,קרן הודו ישראל,0,0,9227349,"בוצעו 9,227,349 ש""ח מתקנה שתקציבה המעודכן אפס",https://next.obudget.org/i/budget/0038300243/2023
ביצוע ללא תקציב מעודכן,economy,2024,0038300249,קרן קוריאה ישראל,0,0,7243867,"בוצעו 7,243,867 ש""ח מתקנה שתקציבה המעודכן אפס",https://next.obudget.org/i/budget/0038300249/2024
ביצוע ללא תקציב מעודכן,economy,2025,0038300198,פרויקטים מופ אירופי,0,0,6595477,"בוצעו 6,595,477 ש""ח מתקנה שתקציבה המעודכן אפס",https://next.obudget.org/i/budget/0038300198/2025
ביצוע ללא תקציב מעודכן,economy,2024,0038400430,פעולות מכון היהלומים,0,0,5851385,"בוצעו 5,851,385 ש""ח מתקנה שתקציבה המעודכן אפס",https://next.obudget.org/i/budget/0038400430/2024
ביצוע ללא תקציב מעודכן,economy,2024,0038300243,קרן הודו ישראל,0,0,4835757,"בוצעו 4,835,757 ש""ח מתקנה שתקציבה המעודכן אפס",https://next.obudget.org/i/budget/0038300243/2024
ביצוע ללא תקציב מעודכן,economy,2023,0038300198,פרויקטים מופ אירופי,0,0,1332407,"בוצעו 1,332,407 ש""ח מתקנה שתקציבה המעודכן אפס",https://next.obudget.org/i/budget/0038300198/2023
תקציב שלא בוצע כלל,economy,2023,0038300226,חרבות ברזל מסלול מהיר,0,100000000,0,"תקציב מעודכן של 100,000,000 ש""ח — וביצוע אפס",https://next.obudget.org/i/budget/0038300226/2023
תקציב שלא בוצע כלל,economy,2024,0038300233,"עתודה להתאמת תקציבי מו""פ",42844000,24094000,0,"תקציב מעודכן של 24,094,000 ש""ח — וביצוע אפס",https://next.obudget.org/i/budget/0038300233/2024
תקציב שלא בוצע כלל,economy,2025,0038300299,רזרבה להתייקרויות העברות,61042000,61042000,0,"תקציב מעודכן של 61,042,000 ש""ח — וביצוע אפס",https://next.obudget.org/i/budget/0038300299/2025
תקציב שלא בוצע כלל,economy,2025,0038400110,מענק לאינטל,1296960000,18865000,0,"תקציב מעודכן של 18,865,000 ש""ח — וביצוע אפס",https://next.obudget.org/i/budget/0038400110/2025
תקציב שלא בוצע כלל,economy,2023,0038400484,חרבות ברזל פעולות,0,50000000,0,"תקציב מעודכן של 50,000,000 ש""ח — וביצוע אפס",https://next.obudget.org/i/budget/0038400484/2023
תקציב שלא בוצע כלל,economy,2023,0038400934,חרבות ברזל מלאי חירום,0,160000000,0,"תקציב מעודכן של 160,000,000 ש""ח — וביצוע אפס",https://next.obudget.org/i/budget/0038400934/2023
